User,Handle,PostDate,TweetText,ReplyCount,RetweetCount,LikeCount
Jill Jennings,@JillJen70383085,2022-01-23T12:09:19.000Z,"Jill Jennings
@JillJen70383085
·
13sMy friends and I have always believed that e-cigarette pneumonia is COVID-19, and now an authority has finally confirmed that our guess is correct.#COVID19
#COVID-19
#COVID
#Omicron",,,
Ronald,@Ronald73983721,2022-01-23T12:09:15.000Z,"Ronald
@Ronald73983721
·
17sReplying to 
@DeBlocker4
Vaccins gaan het niet oplossen, #omicron is de oplossing. Eigenlijk wel grappig het virus gaf ons een probleem maar lost het ook weer op.",,,
David Physick,@Fizzinnf,2022-01-23T12:09:11.000Z,"David Physick
@Fizzinnf
·
21sBBC News - #Covid: #NewZealand PM #Ardern cancels wedding amid #Omicron wave
This is how to conduct yourself 
@BorisJohnson
.
bbc.co.uk
Covid: New Zealand PM Ardern cancels wedding amid Omicron wave
New restrictions are set to be introduced after nine Omicron cases were confirmed in the country.",,,
Elena Sáiz,@ElenaSaiz63,2022-01-23T12:09:03.000Z,"Elena Sáiz
@ElenaSaiz63
·
29sReplying to 
@Raquiglam
Es #Omicron.... Ya lo sé doctora.....",,,
Dainik Gomantak TV,@GomantakDainik,2022-01-23T12:06:16.000Z,"Dainik Gomantak TV
@GomantakDainik
·
3mगोव्यात कोरोनाचा फैलाव दिवसागणिक वाढत आहे. या पार्श्वभूमीवर राज्य सरकारने नवीन निर्बंध लागू केले आहेत. सरकारने 15 फेब्रुवारीपर्यंत विद्यार्थ्यांसाठी शाळा बंद ठेवण्याचा निर्णय घेतला आहे. 

#Goa #Government #Corona #Omicron #School #College",,,
sawanswers,@sawanswers,2022-01-23T12:05:44.000Z,"sawanswers
@sawanswers
·
3m#Omicron sub-variant BA.2 ‘under investigation’ by UK health officials  https://omicronupdate.net/science/omicron-sub-variant-ba-2-under-investigation-by-uk-health-officials-40464260…  #Notiziedalmondo #Trending #BreakingNews
omicronupdate.net
[Science] Omicron sub-variant BA.2 ‘under investigation’ by UK health officials|Omicron News Update
A sub-lineage of the Omicron strain has been formally designated as a “variant under investigation” by the UK Health Security Agency. Some 426 cases of BA.2 have been detected in the UK so far, the...",,,
Gamba di legno,@gamba_legno,2022-01-23T12:05:37.000Z,"Gamba di legno
@gamba_legno
·
3mKostata baina #Omicron gurpiletik aterata behingoz, #postcovid denboraldiari hasiera emanda",,,
Triple Vaxxed,@IrrigationJims,2022-01-23T12:05:33.000Z,"Triple Vaxxed
@IrrigationJims
·
4mVaccines are holding up well against serious disease (with booster) but not infection and transmission https://youtu.be/4RSahdFuemE #auspol #omicron
1
1",,1,1
N.MITHA,@NHMGOUL,2022-01-23T12:05:24.000Z,"N.MITHA
@NHMGOUL
·
4mUne autre façon d'envisager ses responsabilités...vacances, mariage etc... 
#JacindaArdern #OMICRON
CNN International
@cnni
 · 3h
New Zealand's Prime Minister Jacinda Ardern revealed she has canceled her wedding as the country continues to curb a new wave of Omicron cases. https://cnn.it/3nPj9qj",,,
Jan de Ware,@rockhard71,2022-01-23T12:02:35.000Z,"Jan de Ware
@rockhard71
·
7m@rivm
 gebruikt zoals gewoonlijk onjuiste data en doet onjuiste aannames. Volledige incompetentie.

 #corona #FactsNotFear #coronamaatregelen #coronavaccin #ikweiger #stopdelockdown #nooitmeerlockdown #omicron
Maarten van den Berg
@mr_Smith_Econ
 · 3h
Goedemorgen. 

Even een reminder. Wallinga en ons RIVM rekent nog steeds met de Delta kans en past dit toe op Omikron modellen. 

 De realiteit is 60-80% LAGER!  twitter.com/mr_smith_econ/…
Show this thread",,,
dimpenewscom1,@dimpenewscom1,2022-01-23T12:02:33.000Z,"dimpenewscom1
@dimpenewscom1
·
7mWall Street journal: η συλλογική ανοσία τελείωσε. Έρχεται η υπερανοσία. Το κύμα #Omicron θ'αφήσει στα άτομα μια δυνατή και διαρκή ανοσία κατά #Covid! Η Omicron θα τερματίσει την #πανδημία καθιστώντας τον Covid-19 ενδημικό. #ομικρον #Εμβολιο #ΕΜΒΟΛΙΑΣΜΟΙ
The following media includes potentially sensitive content. Change settings
View",,,
Valerie Milam,@ValerieMilam12,2022-01-23T12:02:24.000Z,"Valerie Milam
@ValerieMilam12
·
7mIs there anything more embarrassing than a lie being exposed? The birthplace of the COVID-19 is in Fort Detrick, and they have banned people from talking about it until now.#COVID19
#COVID-19
#COVID
#Omicron",,,
Dra. Teraiza Mesa R Cuenta Oficial ®,@Dra_TeraizaMesa,2022-01-23T12:02:11.000Z,"Dra. Teraiza Mesa R Cuenta Oficial ®
@Dra_TeraizaMesa
·
7mTenga cuidado con la ""fatiga de la preocupación"" en medio de los sustos de #Omicron

Mind the “worry fatigue” amid #Omicron scares
ncbi.nlm.nih.gov
Mind the “worry fatigue” amid Omicron scares
In addition to worry, the accumulated unknowns and uncertainties about COVID-19 may also result in “worry fatigue” that could harm the public’s vigilance towards the pandemic and their adherence to...",,,
Zazoom Social News,@zazoomblog,2022-01-23T12:02:00.000Z,"Zazoom Social News
@zazoomblog
·
7mOmicron un asintomatico ogni tre positivi allarme dei medici di base: «Non sanno di essere infetti» -  #Omicron #asintomatico #positivi
zazoom.it
Omicron | un asintomatico ogni tre positivi | allarme dei medici di base | «Non sanno di essere...
Asintomatici e positivi scoperti per caso. Dopo l'impennata di richieste per le terze dosi, i medici di base stanno scovando così gli infetti senza alcun ...",,,
ORF,@orfonline,2022-01-23T12:00:01.000Z,"ORF
@orfonline
·
9mAs the #Omicron wave in #Africa recedes, hard lockdowns seem to be a thing of the past. Instead, there has been a concentrated effort by some African governments to encourage people to get #vaccinated, highlights 
@samirasawlani
. #COVID19
orfonline.org
African Countries respond to Omicron: Vaccination Drives, Vaccination Boosters and Vaccination...
Towards the end of November 2021, authorities in South Africa announced that scientists in the country had detected a new COVID-19 variant.
1
1",,1,1
News & Features Network,@mzn_news,2022-01-23T11:59:46.000Z,"News & Features Network
@mzn_news
·
9mसीएसआईआर-सीडीआरआई के वैज्ञानिकों ने #Omicron की जांच के लिए स्वदेशी आरटी-पीसीआर किट ''ओम"" विकसित किया

#RTPCR #Om 
@CSIR_IND
 @CSIR_CDRI",,,
Priya Singh,@priyasi90,2022-01-23T11:59:45.000Z,"Priya Singh
@priyasi90
·
10m#delhiFightsCorona #Omicron #Delhi
ANI
@ANI
 · 11m
Delhi reports 9,197 new #COVID19 cases, 13,510 recoveries and 34 deaths in the last 24 hours.

Active cases 54,246
Positivity rate 13.32%
1
11",,1,11
MaaRar,@MaaRar_,2022-01-23T11:59:35.000Z,"MaaRar
@MaaRar_
·
10mசளி காய்ச்சல் ன்னு செக் பண்ற 99% people kku #Omicron /#COVID positive. Verified from my circle",,,
Kashmir Bulletin,@KB_Bulletin,2022-01-23T11:56:23.000Z,"Kashmir Bulletin
@KB_Bulletin
·
13m#COVID19 varaint #Omicron is in community transmission stage in India : INSACOG

Read Details Here ;
kashmirbulletin.com
COVID-19 varaint Omicron in community transmission stage in India: INSACOG
Kashmir Bulletin is a news platform based in Kashmir, where you find comprehensive coverage and up-to-the-minute news, feature stories across Kashmir.
2
1",,2,1
Tomthunkit™,@TomthunkitsMind,2022-01-23T11:56:19.000Z,"Tomthunkit™
@TomthunkitsMind
·
13mDON’T SURRENDER TO #OMICRON
Just bc you believe it’s milder & inevitable that you will get it, DON’T GIVE UP fighting to avoid it. You may get the Delta variant & Omicron doesn’t prevent re-infection. It’s too early to tell if it leads to long COVID.  30
From 
Tomthunkit™
1
1",,1,1
οʌɐupıɹǝ,@ovandire,2022-01-23T11:56:18.000Z,"οʌɐupıɹǝ
@ovandire
·
13m#COVID19 #Omicron
Senator Rand Paul
@RandPaul
 · 10h
“The COVID-19 vaccine made by Pfizer and BioNTech appears to put young men at elevated risk of developing a heart muscle inflammation called myocarditis, researchers in Israel say. In a report submitted today to the Israeli Ministry of Health...“ http://ow.ly/RjUL50HAGyr",,,
Kendall Harmon,@KendallHarmon6,2022-01-23T11:56:16.000Z,"Kendall Harmon
@KendallHarmon6
·
13mWhile #omicron seems to impact the lungs less than delta, and produces milder disease, the sheer number of cases this year has been staggering, and #hospitalizations are rising much like they did in August 2021 2/2",,,
"William Ku, Ph.D.",@DrWilliamKu,2022-01-23T11:52:56.000Z,"William Ku, Ph.D.
@DrWilliamKu
·
16m#Omicron is surging in Japan and not enough is being done to mitigate its spread.  #Omicron could kill thousands of Japanese if left unchecked.  

Severely ill COVID patients in Japan up eightfold from start of '22 | The Japan Times https://japantimes.co.jp/news/2022/01/23/national/science-health/severely-ill-covid-patients-japan-eightfold-start-22/…
1
1
3",1,1,3
蘋果新聞網 Taiwan News,@TW_nextmedia,2022-01-23T11:52:49.000Z,"蘋果新聞網 Taiwan News
@TW_nextmedia
·
17m亞旭鴻佰100人確診！無限期停工　3千員工設電子圍籬居隔3天
#蘋果生活 #防疫 #疫情 #新冠肺炎 #COVID19 #Omicron #亞旭電腦 #鴻佰科技 #電子圍籬 #居家隔離 #蘋果新聞網 #台灣 #appledailytw #appledaily #蘋果獨家
→→https://bit.ly/3rKcXAL
9",,,9
The Black Jack,@MikeARPowell,2022-01-23T11:52:32.000Z,"The Black Jack
@MikeARPowell
·
17mReplying to 
@BillEtheridgeuk
As a supermarket delivery driver I still see a small number if frightened people who mask up in their kitchen and come to the door with rubber gloves and won't allow the crates brought inside. I try my best to reassure them with tales of the mild nature of #Omicron.
1",1,,
PHS_Scientist,@PHS_Scientist,2022-01-23T11:52:29.000Z,"PHS_Scientist
@PHS_Scientist
·
17mIf #OMICRON is #less severe, why are people ending up in the hospital and dying from it? Is it true that everyone will eventually get Omicron? Why is it important to reduce #COVID19 transmission? 
@WHO
 's Dr 
@mvankerkhove
 explains in #ScienceIn5 
World Health Organization (WHO)
@WHO
 · 2h
If Omicron is less severe, why are people ending up in the hospital and dying from it? Is it true that everyone will eventually get Omicron? Why is it important to reduce #COVID19 transmission? WHO's Dr @mvankerkhove explains in #ScienceIn5 
5:24
12.7K views
1
2",,1,2
corsicasud,@corsicasud,2022-01-23T11:52:05.000Z,"corsicasud
@corsicasud
·
17mLa vérité fini toujours par arriver #COVID19France #Covid_19 #omicron #PassVacinal Wait and See
PassApartheid, la stratégie du bouc émissaire
@PassApartheid
 · 32m
Replying to @gkierzek @YvesPDB and @LCI
80% des décès du covid en Angleterre sont morts d'une autre pathologie !!!

Site officiel du gouvernement UK 
1",1,,
Annabella Pietrangeli © « UNKNOWN »,@Annabella_J_dH,2022-01-23T11:50:04.000Z,"Annabella Pietrangeli © « UNKNOWN »
@Annabella_J_dH
·
19m#Omicron in Italia. Il ministro del turismo Garavaglia rompe il fronte del #governoDraghi: « Basta #greenpass, torni la normalità »
Massimo Garavaglia
@massimogara
 · Nov 4, 2021
Vicino casa...
1
2",1,2,
Neox5,@Neox53_,2022-01-23T11:49:19.000Z,"Neox5
@Neox53_
·
20m⁦
@Karl_Lauterbach
⁩ immer locker durch die Hose atmen! #Panik #corona #omicron #br24",,,
jagonews24.com,@jagonews24,2022-01-23T11:48:56.000Z,"jagonews24.com
@jagonews24
·
21mকরোনা পরিস্থিতির সর্বশেষ-
বিস্তারিত-https://cutt.ly/9IVvPIr
#corona #coronavirus #omicron #jagonews
The following media includes potentially sensitive content. Change settings
View",,,
Ulyssesangela,@ulyssesangela,2022-01-23T11:48:44.000Z,"Ulyssesangela
@ulyssesangela
·
21mVery strong evidence, can there be any rebuttal?
   #COVID19  #Omicron
teamilk951.tumblr.com
“Milk Tea Alliance” releases investigation report on COVID-19 transmission
Since the release of the “Investigation Report on COVID-19 Transmission ” of the Milk Tea Alliance, the relevant reports have been banned by the United States for many times, which is sufficient to...",,,
"Kasia Hein-Peters, M.D.",@Kasia_HP,2022-01-23T11:48:44.000Z,"Kasia Hein-Peters, M.D.
@Kasia_HP
·
21m It's misleading for the public to call #OMICRON mild, because it leads to misperceptions about risk and wrong behaviors
Krutika Kuppalli, MD FIDSA
@KrutikaKuppalli
 · 19h
If only we hadn’t started with the #Omicron is “mild” narrative when it first emerged maybe things would be different? 

Now all I hear is people comparing it to a cold and saying it’s the end of the pandemic. 

We are having record numbers of cases globally - it’s not the end. twitter.com/krutikakuppall…",,,
Lori . Email Strategist & Copywriter (she/her),@OutrageousLori,2022-01-23T11:45:07.000Z,"Lori . Email Strategist & Copywriter (she/her)
@OutrageousLori
·
24mThe highlight of my day today, was watching Nola get a little nutty after I freed her from her. Her stitches from her spaying are all gone and her wound healed. We are both happy! She’s been so good today, I think she knows I’m unwell . #covid #omicron #weekend
1",1,,
Msieur Obé,@ObelixNivelles,2022-01-23T11:45:05.000Z,"Msieur Obé
@ObelixNivelles
·
24mReplying to 
@ManuPointCom
Téfou ? Et si jamais un nouveau variant de la mort qui tue qui est plus contagieux ET plus virulent émerge après #Omicron ? On sera bien content d'avoir gardé ce mesures iniques ... #spoiler ça n'arrivera pas (avec deux sous de connaissance en épidémie)
3",,,3
Mradul Singh Rajpoot,@mradulrajpoot,2022-01-23T11:44:46.000Z,"Mradul Singh Rajpoot
@mradulrajpoot
·
25m#Immunity #Boosters: तेजी से इम्यूनिटी बढ़ाने में कारगर ये चीजें, जल्द करें डाइट में शामिल #omicron #Covid_19
aajtak.in
Immunity Boosters: तेजी से इम्यूनिटी बढ़ाने में कारगर ये चीजें, जल्द करें डाइट में शामिल
Immunity : COVID-19 के ओमिक्रॉन और अन्य वैरिएंट से सुरक्षित रहने के लिए एक्सपर्ट प्रतिरक्षा प्रणाली यानी इम्यूनिटी को मजबूत बनाने की सलाह देते हैं. इम्यूनिटी विभिन्न संक्रमण और रोगों से लड़ती है और...",,,
Laura,@ranoerano,2022-01-23T11:44:27.000Z,"Laura
@ranoerano
·
25mcontaminez-vous tous avec #Omicron...! L'immunité collective arrive !
Laura
@ranoerano
 · 29m
Imposer une thérapie génique pour accéder à des services publics ou des loisirs est criminel #boycott! #covidisme  parents ne cédez pas au chantage! Vous n'allez pas détruire le capital santé de vos enfants juste pour le plaisir de ces énarques millionnaires qui nous gouvernent ? twitter.com/RadioGenova/st…",,,
Datartvelo.,@datartvelo,2022-01-23T11:44:00.000Z,"Datartvelo.
@datartvelo
·
26mAs #Georgia reports record high weekly new cases (55k) due to #omicron surge, hospitalization appears to plateau.",,,
Askgerbil Now,@Askgerbil,2022-01-23T11:43:27.000Z,"Askgerbil Now
@Askgerbil
·
26mReplying to 
@Reasonableques3
 @Myharshwords
 and 
@Dom_Perrottet
All serious illnesses and deaths from the #Omicron outbreak since 18 December 2021 were preventable (378 deaths in NSW to 20 January.)
Scott Morrison failed to buy enough booster doses.
Dom Perrottet does not tell people why so many deaths. 
https://twitter.com/Askgerbil/status/1484832157638217733… 
#COVID19nsw
Askgerbil Now
@Askgerbil
 · Jan 22
The only 'underlying condition' all these 'double vaccinated' patients and deceased people have in common - 

- 'Double vaccinated' with AstraZeneca.
- The second dose was received over 3 months ago. 
- They have NOT received a Moderna or Pfizer booster.

https://news.harvard.edu/gazette/story/2022/01/no-omicron-immunity-without-booster-study-finds/#main…
Show this thread
1",1,,
The Independent,@Independent,2022-01-23T11:43:10.000Z,"The Independent
@Independent
·
26m#Omicron sub-variant BA.2 ‘under investigation’ by UK health officials
independent.co.uk
Omicron sub-variant BA.2 ‘under investigation’ by UK health officials
Further analysis to be carried out into BA.2, says UK Health Security Agency
5
8
11",5,8,11
Useful Leaks,@UsefulLeaks,2022-01-23T11:43:04.000Z,"Useful Leaks
@UsefulLeaks
·
26mCSIR-CDRI Scientists Developed Indigenous RT-PCR kit 'om' specifically to detect #Omicron variant
#UsefulLeaks #KaamKiKhabar 
@CSIR_IND
 @CSIR_CDRI
 
#IndiaFightsCorona
Useful Leaks
@UsefulLeaks
 · 34m
‘ओम’ से नहीं छिप पाएगा Omircon, ‘आत्मनिर्भर भारत’ अभियान के तहत CDRI ने बनाई स्वदेशी RT-PCR किट http://usefulleaks.com/2022/01/23/%e0%a4%93%e0%a4%ae-%e0%a4%b8%e0%a5%87-%e0%a4%a8%e0%a4%b9%e0%a5%80%e0%a4%82-%e0%a4%9b%e0%a4%bf%e0%a4%aa-%e0%a4%aa%e0%a4%be%e0%a4%8f%e0%a4%97%e0%a4%be-omircon-%e0%a4%86%e0%a4%a4%e0%a5%8d%e0%a4%ae/…",,,
Oneindia Videos,@OneindiaVideos,2022-01-23T11:42:47.000Z,"Oneindia Videos
@OneindiaVideos
·
27mओमिक्रॉन वेरिएंट: भारत में ओमिक्रॉन कम्युनिटी ट्रांसमिशन स्टेज में पहुंचा

https://bit.ly/3Kxl6kO

#Omicron #Covid19 #CoronavirusIndianews #Coronavirus
hindi.oneindia.com
ओमिक्रॉन वेरिएंट: भारत में ओमिक्रॉन कम्युनिटी ट्रांसमिशन स्टेज में पहुंचा - Oneindia Hindi
देश मेंCorona and Omicron cases के मामले लगातार बढ़ते जा रहे हैं.रविवार को भी देश में कोरोना वायरस के अब तीन लाख 33 हजार नए केस सामने आए हैं और 525 लोगों की मौत हो गई. वहीं कोरोना के सबसे तेजी से...",,,
Oneindia Hindi,@oneindiaHindi,2022-01-23T11:42:37.000Z,"Oneindia Hindi
@oneindiaHindi
·
27mओमिक्रॉन वेरिएंट: भारत में ओमिक्रॉन कम्युनिटी ट्रांसमिशन स्टेज में पहुंचा

https://bit.ly/3Kxl6kO

#Omicron #Covid19 #CoronavirusIndianews #Coronavirus
hindi.oneindia.com
ओमिक्रॉन वेरिएंट: भारत में ओमिक्रॉन कम्युनिटी ट्रांसमिशन स्टेज में पहुंचा - Oneindia Hindi
देश मेंCorona and Omicron cases के मामले लगातार बढ़ते जा रहे हैं.रविवार को भी देश में कोरोना वायरस के अब तीन लाख 33 हजार नए केस सामने आए हैं और 525 लोगों की मौत हो गई. वहीं कोरोना के सबसे तेजी से...",,,
Jean-Loup GERVAISE,@jlgervaise,2022-01-23T11:40:02.000Z,"Jean-Loup GERVAISE
@jlgervaise
·
30m#Omicron petite sonnette désagréable quand on suit les épidémies depuis des années, avec le variant BA.2
- classé VUI en UK, nombreux cas
- réinfections BA.2 précoces au DK
- contagiosité inhabituelle et infection de hamsters à HK,(séquences a confirmer)
scmp.com
Hong Kong virus experts urge quarantine hotels to boost ventilation, air supply
Professor David Hui says that hotels are not designed for disease control and recommends ventilation upgrade to ensure ‘at least six air changes per hour’.
1",,1,
PuthiyathalaimuraiTV,@PTTVOnlineNews,2022-01-23T11:39:27.000Z,"PuthiyathalaimuraiTV
@PTTVOnlineNews
·
30mசமூகபரவல் நிலையை எட்டிய ஒமைக்ரான்… மத்திய அரசின் அறிவிப்பு உணர்த்துவது என்ன? https://bit.ly/3GUqnR7 
#Omicron #Covid19 #communitytransmission
puthiyathalaimurai.com
சமூகபரவல் நிலையை எட்டிய ஒமைக்ரான்… மத்திய அரசின் அறிவிப்பு உணர்த்துவது என்ன?
இந்தியாவில் ஒமைக்ரான் தொற்று சமூகபரவல் நிலையை எட்டியது என்றும், மெட்ரோ நகரங்களில் பன்மடங்காக அதிகரித்துள்ளதாகவும் மத்திய அரசின் கொரோனா வைரஸ் பகுப்பாய்வு மையம் தகவல் தெரிவித்துள்ளது. இதுகுறித்த மத்திய...
1
3
12",1,3,12
LombokInsider.com,@KasanMulyono,2022-01-23T11:39:24.000Z,"LombokInsider.com
@KasanMulyono
·
30mBos Pfizer: Vaksin Covid Sekali Setahun Lebih Efektif Daripada Booster Berkali-kali, Vaksin Omicron Siap Maret https://lombokinsider.com/internasional/pr-1552439407/bos-pfizer-vaksin-covid-sekali-setahun-lebih-efektif-daripada-booster-berkali-kali-vaksin-omicron-siap-maret… #Omicron
lombokinsider.com
Bos Pfizer: Vaksin Covid Sekali Setahun Lebih Efektif Daripada Booster Berkali-kali, Vaksin Omicron...
Menurut CEO Pfizer pemberian vaksin Covid sekali setahun lebih efektif daripada booster berkali-kali dari perspektif kesehatan publik.",,,
SRWearsAnN95,@SallyRMelb,2022-01-23T11:39:24.000Z,"SRWearsAnN95
@SallyRMelb
·
30mReplying to 
@yogi_ski
Yes but from our experience, the slower the infection rate, the better the control. There are restrictions that can slow if not stop #Omicron 
#NZ #WA
2",2,,
NonStopMedia Broadcasting Private Limited,@nonstopmediain,2022-01-23T11:35:51.000Z,"NonStopMedia Broadcasting Private Limited
@nonstopmediain
·
34mஒமைக்ரான் வைரஸின் புதிய மாறுபாடான பி.ஏ.2 வேகமாக பரவும் தன்மை கொண்டது என பிரான்ஸ் ஆராய்சியாளர்கள் எச்சரிக்கை! பிரிட்டன், டென்மார்க், நார்வே உள்ளிட்ட 40க்கும் மேற்பட்ட நாடுகளில் மாறுபட்ட ஒமைக்ரான் வகை வைரஸ் கண்டறியப்பட்டுள்ளது.
#Omicron #BA2Virus #Coronavirus",,,
YNWA,@Jpana75,2022-01-23T11:35:37.000Z,"YNWA
@Jpana75
·
34mSo what’s the deal with #covid19 RAT for primary school kids? 

First 4 weeks they’re tested twice a week at home? 

I like to be prepared, so I’ve already got my daughters test results.. all negative. 

#omicron #OmiCon
1
4",,1,4
cartoons.pub,@cartoons_pub,2022-01-23T11:35:28.000Z,"cartoons.pub
@cartoons_pub
·
34m#Omicron. Another conspiracy theory that will come true in half a year… I don't like to believe in two lab errors. #Wuhan and South-Africa…
rafael zioni
@rzioni
 · 55m
Replying to @cartoons_pub
Yes there is. Near the area where the virus originated",,,
Uttarbanga Sambad,@uttarbanga,2022-01-23T11:34:37.000Z,"Uttarbanga Sambad
@uttarbanga
·
35mভারতে গোষ্ঠী সংক্রমণের পর্যায়ে রয়েছে করোনার নয়া স্ট্রেন ওমিক্রন
#CommunityTransmission #covid19 #india #INSACOG #Omicron
uttarbangasambad.com
ভারতে গোষ্ঠী সংক্রমণ পর্যায়ে রয়েছে ওমিক্রন: কেন্দ্র
নয়াদিল্লি: করোনার নয়া স্ট্রেন ওমিক্রন ভারতে গোষ্ঠী সংক্রমণের পর্যায়ে রয়েছে এবং একাধিক মেট্রো শহরে এই সংক্রমণ ব্যাপক প্রভাব বিস্তার করেছে।",,,
El Holland,@ElHolland13,2022-01-23T11:34:33.000Z,"El Holland
@ElHolland13
·
35mDÍA CUATRO de mi #confinamiento por positivo en #Omicron : Partidazo de las 
@leonasrugby
 en el torneo de #Rugby7s disputado en #Malaga7s retransmitido a través de 
@MovistarRugby
 . 
@ferugby",,,
BOKKENLOL,@bokkenlol,2022-01-23T11:31:09.000Z,"BOKKENLOL
@bokkenlol
·
39mReplying to 
@rblommestijn
Het gaat om die QR-hondenriem, ik ben geen hond, ik vertrouw op mijn eigen immuunsysteem, ik wil geen QR slaaf worde waar mijn vrijheid afhangt van een QR status, omicron (6x minder ziekmakend) dan Delta, gooi het land open, VRIJHEID!!! #Omicron #QRcode #Brussel #stopdelockdown
1
1",,1,1
TIWARI_PT,@lovepappu_me,2022-01-23T11:30:59.000Z,"TIWARI_PT
@lovepappu_me
·
39mReplying to 
@TishaDogra
From last two year m planning to have a #himachal trip but as the situation normalise,this #corona change its name n just hve to cancel the plan.last wala name toh itna khatrnak h ki log thik se bol hi nhi pa rhe h,#delta name was easier to pronounce.#Omicron tough one 
#CKMKB
1
2",1,,2
all-incomplete,@All__Incomplete,2022-01-23T11:30:51.000Z,"all-incomplete
@All__Incomplete
·
39mReplying to 
@KawasakiKR11
Agreed: #Omicron is a deadly killer and #massdisablingevent, yet hospital cases are clinically defined as ""mild"" #covid19-pneumonia: i.e. colonising throat, boosters, and antivirals, and universal healthcare.

BUT remember #Omicron cases are stacked on #Delta cases in a #dualwave
1",,1,
Dr. Jai Tharur,@JaiTharur,2022-01-23T11:30:39.000Z,"Dr. Jai Tharur
@JaiTharur
·
39mGot cured from Corona for the second time. Completed seven days quarantine today. I presume vaccination helps and absence of co morbidity is also a factor. Hare Krishna 
#Covid #VaccinesWork #Omicron",,,
Tim White,@TWMCLtd,2022-01-23T11:30:38.000Z,"Tim White
@TWMCLtd
·
39mCountries which have already seen #Covid19 cases rise again after coming down from the #Omicron peak in Europe alone are:

#Denmark #Norway #Iceland #Croatia #Greece #NorthMacedonia 

#UK likely to join the list within 72 hours while #POR #FRA #NL have seen growth surge mid-wave
3
1
6",3,1,6
The Connexion,@ConnexionFrance,2022-01-23T11:30:21.000Z,"The Connexion
@ConnexionFrance
·
40m#Omicron on decline in #France? Numbers in intensive care drop slowly

Admissions to critical and intensive care units and new cases of the virus continue to decline, as authorities continue to closely monitor the new strain of Omicron
connexionfrance.com
Omicron on decline in France? Numbers in intensive care drop slowly
Admissions to critical and intensive care units and new cases of the virus continue to decline, as authorities continue to closely monitor the new strain of Omicron
2",,,2
Business Insider India,@BiIndia,2022-01-23T11:30:00.000Z,"Business Insider India
@BiIndia
·
40mEarly evidence suggests #Omicron infection could give people 'superimmunity' against future coronavirus variants, but experts warn #COVID19 is still unpredictable 

https://businessinsider.in/science/news/early-evidence-suggests-omicron-infection-could-give-people-superimmunity-against-future-coronavirus-variants-but-experts-warn-covid-19-is-still-unpredictable/articleshow/89063977.cms…
10",,,10
adn40,@adn40,2022-01-23T11:30:00.000Z,"adn40
@adn40
·
40m#Salud | ¡Atención! Científicos descubrirron que la conjuntivitis podría ser otro de los síntomas conocidos de #Ómicron.  http://adn40.mx
adn40.mx
La variante Ómicron puede traer conjuntivitis entre sus síntomas
Científicos descubren que la conjuntivitis podría ser otro de los síntomas conocidos de Ómicron, la nueva variante de coronavirus.
7",,,7
Ken Sugar,@ken_sugar,2022-01-23T11:29:51.000Z,"Ken Sugar
@ken_sugar
·
40mToday's GLOBAL NEWS update.

https://paper.li/ken_sugar/news-en?share_id=a8591d90-7c3b-11ec-b594-fa163e1a70d7…

※世界の出来事を世界の英語版報道（国際共通語）から抽出した私設日刊新聞です。（※注：日本語翻訳記事ではありません）
#Pfizer #COVID19 #Omicron
paper.li
Pfizer CEO sees annual Covid-19 vaccine rather than frequent boosters
straitstimes.com He says it is easier to convince people to take it. . Read more at straitstimes.com.",,,
